{"cameraMode":{"drawMode":0,"name":"Shaded","section":"Shading Mode"},"sceneLighting":true,"audioPlay":false,"sceneViewState":{"m_AlwaysRefresh":false,"showFog":true,"showSkybox":true,"showFlares":true,"showImageEffects":true,"showParticleSystems":true,"showVisualEffectGraphs":true,"m_FxEnabled":true},"in2DMode":false,"pivot":{"x":-6.448939800262451,"y":11.857879638671875,"z":155.16844177246095},"rotation":{"x":0.014365098439157009,"y":-0.9024879336357117,"z":0.4296470284461975,"w":0.030995965003967286},"size":6.270984649658203,"orthographic":false}